Vcell	Icell	measured	regon	time
4.14564	1890.00	1870.71	0	0.617
4.17487	1890.00	1866.02	0	1.104
4.21548	1890.00	1870.71	3	10.166
