Vcell	Icell	measured	regon	time
3.69542	1350.00	1408.00	2.962
3.73489	1350.00	1404.24	5.476
3.73905	1350.00	1398.61	7.968
3.74195	1350.00	1401.43	10.491
