Vcell	Icell	measured	regon	time
4.12796	2160.00	2222.62	0.716
4.02942	1027.54	1069.20	1.049
4.15324	2160.00	2223.55	1.383
